{
  "timestamp": "2026-01-26T02:37:21.283130+00:00",
  "sample_size": 10,
  "schema_cases": 5,
  "json_ok": 5,
  "json_adherence_rate": 1.0,
  "error_count": 0,
  "error_rate": 0.0,
  "avg_latency_ms": 54.965949058532715
}